id;name;age;location
1;Wyoming;open-source;Knoll Dynamic
2;Towels content-based Tasty;drive;back-end violet rich
3;navigating Checking communities;Via Innovative;seize Buckinghamshire
4;cohesive Won motivating;Identity;hacking United
5;Towels invoice;supply-chains input;programming Licensed ROI
6;Buckinghamshire;Manor Tactics;uniform Solutions Niger
7;payment Hat override;e-commerce Unbranded;drive
8;generate SMTP;Diverse magenta Chair;Crest deposit Administrator
9;SMS TCP;Cambridgeshire payment;Handmade
10;Village array;Orchestrator application Compatible;deposit
