id;title;description;date;height;width
1;ADP (Bouvetoya) Specialist;wireless 9(E.U.A.-9);Frozen Ergonomic Avon;67101;64642
2;Borders;Rustic withdrawal 1080p;York;8327;97270
3;Virginia Savings;parsing Security;Cambridgeshire;93207;59346
4;azure Manors digital;Fish;Cheese;32022;3023
5;monitoring Tuna;Avon AGP;drive Liaison;62349;81836
6;Granite Alabama Steel;mission-critical Georgia;Cotton intuitive Games;94556;53125
7;Concrete Berkshire e-enable;paradigms rich;Plastic;6612;46266
8;web-readiness International;Automotive;transmitter;72364;55788
9;Directives Realigned;service-desk HDD;panel;31694;88381
10;red navigate;Granite Benin;Consultant Cambridgeshire Synergistic;3954;17146
